Article Title,Article Type,Newspaper,Publication City,Publication State,Link,Species,Reviewer1,Reviewer1_date,Reviewer2,Reviewer2_date,Code1,Code1_valence,Code2,Code2_valence,Code3,Code3_valence,Code4,Code4_valence,Code5,Code5_valence,Notes
"Citing grizzlies, groups sue over grazing plan in Paradise Valley",local article,Helena Independent Record,Helena,MT,https://infoweb.newsbank.com/apps/news/document-view?p=WORLDNEWS&t=&sort=YMD_date%3AD&fld-base-0=alltext&maxresults=20&val-base-0=Citing%20grizzlies%2C%20groups%20sue%20over%20grazing%20plan%20in%20Paradise%20Valley&docref=news/18C8170AD46B8230 bear,Matt Williamson,9/28/2022,,,Grazing conflicts with wildlife,negative,,,,,,,,,
"Grizzly bear attacks, injures antler hunters in Wyoming",local article,Associated Press State Wire,,ID,https://infoweb.newsbank.com/apps/news/document-view?p=WORLDNEWS&t=continent%3ANorth%2BAmerica%21North%2BAmerica/country%3AUSA%21USA&sort=YMD_date%3AD&page=1&maxresults=20&f=advanced&val-base-0=%22grizzly%20bears%22&fld-base-0=alltext&docref=news/18D370A541F74FA8https://infoweb.newsbank.com/apps/news/document-view?p=WORLDNEWS&t=continent%3ANorth%2BAmerica%21North%2BAmerica/country%3AUSA%21USA&sort=YMD_date%3AD&page=1&maxresults=20&f=advanced&val-base-0=%22grizzly%20bears%22&fld-base-0=alltext&docref=news/18D370A541F74FA8,Grizzly bear,BW,10/26/22,,,Wildlife conflicts with recreationists,negative,Human injury,negative,,,,,,,
"Fewer grizzly bear conflicts, removals reported so far this year",local article,Laramie Boomerang,Laramie,WY,https://infoweb.newsbank.com/apps/news/document-view?p=WORLDNEWS&t=continent%3ANorth%2BAmerica%21North%2BAmerica/country%3AUSA%21USA&sort=YMD_date%3AD&page=2&maxresults=20&f=advanced&val-base-0=%22grizzly%20bears%22&fld-base-0=alltext&docref=news/18D2BD9E847AFCE8,Grizzly bear,BW,10/26/22,IP,12/2/2022,Wildlife conflicts with recreationists,negative,Wildlife is increasing,positive,Wildlife injury,negative,Problem is people,negative,Wildlife conflicts with homeowners,negative,
Bears aren't as carnivorous as previously thought WSU study finds,local article,Bellingham Herald,Bellingham,WA,https://infoweb.newsbank.com/apps/news/document-view?p=WORLDNEWS&t=continent%3ANorth%2BAmerica%21North%2BAmerica/country%3AUSA%21USA&sort=YMD_date%3AD&page=4&maxresults=20&f=advanced&val-base-0=%22grizzly%20bears%22&fld-base-0=alltext&docref=news/18D132C143DDCAB8,Grizzly bear,BW,10/26/22,IP,12/2/2022,Problem is people,negative,Problem is managers,negative,,,,,,,
Bears Are Omnivores Like Humans,,"Plexus Encyclopedia of Medicine, Science, and Technology, The (USA)",,WI,https://infoweb.newsbank.com/apps/news/document-view?p=WORLDNEWS&t=&sort=YMD_date%3AD&page=17&fld-base-0=alltext&maxresults=20&val-base-0=%22grizzly%20bears%22&docref=news/18D3C5C6548F0BD8,Grizzly Bear,BW,11/1/22,IP,12/2/2022,Problem is people,negative,,,,,,,,,
​​Grizzly advocates appeal ruling on Upper Green River grazing,local article,Wyoming Business Report,,WY,https://infoweb.newsbank.com/apps/news/document-view?p=WORLDNEWS&t=&sort=YMD_date%3AD&page=18&fld-base-0=alltext&maxresults=20&val-base-0=%22grizzly%20bears%22&docref=news/18CFAE1B20167A40,Grizzly Bear,BW,11/1/22,IP,12/2/2022,Problem is managers,negative,Problem is people,negative,Grazing conflicts with wildlife,negative,,,,,
"Grizzlies captured in Bitterroot, relocated",local article,Billings Gazette,Billings,MT,https://infoweb.newsbank.com/apps/news/document-view?p=WORLDNEWS&t=&sort=YMD_date%3AD&page=18&fld-base-0=alltext&maxresults=20&val-base-0=%22grizzly%20bears%22&docref=news/18CF5B452F5084B0,Grizzly Bear,BW,11/1/22,IP,12/2/2022,Wildlife conflicts with homeowners,negative,Wildlife relocated,positive,,,,,,,
Nature Guide Spots Up to 13 Wolverines Chasing Grizzly Bears in the Grand Tetons,Online Magazine,Field and Stream,Online,Online,https://infoweb.newsbank.com/apps/news/document-view?p=WORLDNEWS&t=&sort=YMD_date%3AD&page=20&fld-base-0=alltext&maxresults=20&val-base-0=%22grizzly%20bears%22&docref=news/18CEFE26522C7358,Grizzly Bear,BW,11/3/22,IP,12/2/2022,Wildlife conflicts with other wildlife,negative,,,,,,,,,
Don't expand development on Holland Lake,local article,Daily Inter Lake ,Kalispell,MT,https://infoweb.newsbank.com/apps/news/document-view?p=WORLDNEWS&t=continent%3ANorth%2BAmerica%21North%2BAmerica&sort=YMD_date%3AD&page=17&fld-base-0=alltext&maxresults=20&val-base-0=%22grizzly%20bears%22&docref=news/18CE672FEF7A3C60,Grizzly Bear,BW,11/3/22,IP,12/2/2022,Problem is people,negative,Problem is development,negative,,,,,,,
"$51, 100 Reward Offered for Info on Washington Wolf Poisonings",local article,Statesman-Examiner,Colville,WA,https://infoweb.newsbank.com/apps/news/document-view?p=WORLDNEWS&t=continent%3ANorth%2BAmerica%21North%2BAmerica/country%3AUSA%21USA&sort=YMD_date%3AD&page=4&fld-base-0=alltext&maxresults=20&val-base-0=%22wolves%22&docref=news/18D39780112E5890,Wolves,IP,11/10/22,BW,12/7/2022,Problem is people,negative,,,,,,,,,
Wildlife Department calls off wolf hunt after discovery of unburied cattle carcasses,local article,Statesman-Examiner,Colville,WA,https://infoweb.newsbank.com/apps/news/document-view?p=WORLDNEWS&t=continent%3ANorth%2BAmerica%21North%2BAmerica/country%3AUSA%21USA&sort=YMD_date%3AD&page=4&fld-base-0=alltext&maxresults=20&val-base-0=%22wolves%22&docref=news/18D3978007962768,Wolves,IP,11/12/22,BW,12/7/2022,Problem is managers,negative,Wildlife conflicts with other wildlife,negative,,,,,,,
She mistook a dog for a wolf - and fired,local article,Wallowa County Cheiftain,Enterprise,OR,https://infoweb.newsbank.com/apps/news/document-view?p=WORLDNEWS&t=continent%3ANorth%2BAmerica%21North%2BAmerica/country%3AUSA%21USA&sort=YMD_date%3AD&page=4&fld-base-0=alltext&maxresults=20&val-base-0=%22wolves%22&docref=news/18D40856C83EEA88,Wolves,IP,11/12/22,BW,1/30/2023,Problem is people,negative,Wildlife injury,negative,,,,,,,
"Cougars kill wolves in Washington, raising questions about predator-on-predator dynamics",local article,Spoksman Review,Spokane,WA,https://infoweb.newsbank.com/apps/news/document-view?p=WORLDNEWS&t=continent%3ANorth%2BAmerica%21North%2BAmerica/country%3AUSA%21USA&sort=YMD_date%3AD&page=4&fld-base-0=alltext&maxresults=20&val-base-0=%22wolf%22&docref=news/18D8FCEE6780F5F8,Wolves,IP,11/14/22,BW,1/30/2023,Wildlife injury,negative,Wildlife conflicts with other wildlife,negative,,,,,,,
U.S. Wildlife kills second wolf near Meacham,local article,Baker City Herald,Baker,OR,https://infoweb.newsbank.com/apps/news/document-view?p=WORLDNEWS&t=continent%3ANorth%2BAmerica%21North%2BAmerica/country%3AUSA%21USA&sort=YMD_date%3AD&page=6&fld-base-0=alltext&maxresults=20&val-base-0=%22wolves%22&docref=news/18D8FFACD483A9C8,Wolves,IP,11/14/22,BW,1/30/2023,Grazing conflicts with wildlife,negative,Wildlife injury,negative,,,,,,,
"Deer abundence, CWD, and is that a wolf?",local article,Times Herald-Record,Middelton,NY,https://infoweb.newsbank.com/apps/news/document-view?p=WORLDNEWS&t=continent%3ANorth%2BAmerica%21North%2BAmerica/country%3AUSA%21USA&sort=YMD_date%3AD&fld-base-0=alltext&maxresults=20&val-base-0=wolf%20animal&docref=news/18DDD9FD54CFAEB8,Wolves,IP,11/18/22,BW,1/30/2023,Wildlife is increasing,negative,,,,,,,,,
Will California reintroduce grizzly bears to wilderness areas?,local article,Mt. Shasta Herald,Mt. Shasta,CA,https://infoweb.newsbank.com/apps/news/document-view?p=WORLDNEWS&t=continent%3ANorth%2BAmerica%21North%2BAmerica&sort=YMD_date%3AD&fld-base-0=alltext&maxresults=20&val-base-0=%22grizzly%20bear%22&docref=news/18D88F76B8D59F20,Grizzly Bear,BW,11/3/22,,,Problem is development,negative,Wildlife conflicts with recreation,negative,Wildlife conflicts with homeowners,negative,Problem is people,negative,,,
Forest Service reactivates planning for West Yellowstone-area timber project,local article,Billings Gazette,Billings,MT,https://infoweb.newsbank.com/apps/news/document-view?p=WORLDNEWS&t=continent%3ANorth%2BAmerica%21North%2BAmerica&sort=YMD_date%3AD&page=1&fld-base-0=alltext&maxresults=20&val-base-0=%22grizzly%20bear%22&docref=news/18D897F724F770A0,Grizzly Bear,BW,11/3/22,,,Problem is development,negative,Problem is managers,negative,,,,,,,
UW Study Finds Wild Animals Are More Sensitive to Human Presence Than Previously Thought,local article,The Chronicle,Centralia,WA,https://infoweb.newsbank.com/apps/news/document-view?p=WORLDNEWS&t=continent%3ANorth%2BAmerica%21North%2BAmerica&sort=YMD_date%3AD&page=2&fld-base-0=alltext&maxresults=20&val-base-0=%22grizzly%20bear%22&docref=news/18D83AD851957700,Grizzly Bear,BW,11/3/22,,,Problem is people,negative,,,,,,,,,
Charlo man pleads not guilty to killing grizzly,local article,Billings Gazette,Billings,MT,https://infoweb.newsbank.com/apps/news/document-view?p=WORLDNEWS&t=continent%3ANorth%2BAmerica%21North%2BAmerica&sort=YMD_date%3AD&page=2&fld-base-0=alltext&maxresults=20&val-base-0=%22grizzly%20bears%22&docref=image/v2%3A17DFD0CE005F6DB0%40AWNB-18D6E30FC3454F7D%402459881-18D6E3256C829D52%409-18D6E3256C829D52%40,Grizzly Bear,BW,11/4/22,,,Wildlife conflicts with recreation,negative,Problem is people,negative,,,,,,,
Elected officials weigh in on Holland Lake Lodge expansion proposal,local article,Bigfork Eagle,Kallispell,MT,https://infoweb.newsbank.com/apps/news/document-view?p=WORLDNEWS&t=continent%3ANorth%2BAmerica%21North%2BAmerica&sort=YMD_date%3AD&page=2&fld-base-0=alltext&maxresults=20&val-base-0=%22grizzly%20bears%22&docref=news/18D64C1D32E7E7F8,Grizzly Bear,BW,11/4/22,,,Problem is development,negative,Problem is people,negative,,,,,,,
"Dr. Barrie Gilbert: Grizzly bear expansion needs our welcome, not our weapons",local article,Missoulian,Missoula,MT,https://infoweb.newsbank.com/apps/news/document-view?p=WORLDNEWS&t=continent%3ANorth%2BAmerica%21North%2BAmerica&sort=YMD_date%3AD&fld-base-0=alltext&maxresults=20&val-base-0=%22grizzly%20bears%22&docref=news/18D93E58A94114B8,Grizzly Bear,BW,11/4/22,,,Problem is people,negative,Wildlife is decreasing,negative,,,,,,,
Why does Mary Peltola support the Ambler Road?,local article,Artic Sounder,Anchorage,AK,https://infoweb.newsbank.com/apps/news/document-view?p=WORLDNEWS&t=continent%3ANorth%2BAmerica%21North%2BAmerica&sort=YMD_date%3AD&fld-base-0=alltext&maxresults=20&val-base-0=%22grizzly%20bears%22&docref=news/18D8CEA7A39F7220,Grizzly Bear,BW,11/4/22,,,Problem is people,negative,,,,,,,,,
Grizzly bears could return to North Cascades mountain range with help from Uncle Sam,small group editorial,Washington Times,DC,VA,https://infoweb.newsbank.com/apps/news/document-view?p=WORLDNEWS&t=continent%3ANorth%2BAmerica%21North%2BAmerica&sort=YMD_date%3AD&fld-base-0=alltext&maxresults=20&val-base-0=%22grizzly%20bears%22&docref=news/18DC7DEA41171168,Grizzly Bear,BW,11/14/22,,,Problem is people,negative,Problem is grazing/agriculture,negative,Wildlife is decreasing,negative,,,,,
Feds again consider reintroducing grizzlies to North Cascades,local article,Sacramento Bee,Sacramento,CA,https://infoweb.newsbank.com/apps/news/document-view?p=WORLDNEWS&t=continent%3ANorth%2BAmerica%21North%2BAmerica&sort=YMD_date%3AD&fld-base-0=alltext&maxresults=20&val-base-0=%22grizzly%20bears%22&docref=news/18DC6C1769D029A0,Grizzly Bear,BW,11/14/22,,,Problem is people,negative,Wildlife is decreasing,negative,,,,,,,
Sheep,local article,Bozeman Daily Chronicle,Bozeman,MT,https://infoweb.newsbank.com/apps/news/document-view?p=WORLDNEWS&t=continent%3ANorth%2BAmerica%21North%2BAmerica&sort=YMD_date%3AD&fld-base-0=alltext&maxresults=20&val-base-0=%22grizzly%20bears%22&docref=image/v2%3A17DFCC180F3BDB48%40AWNB-18DB8757329E682A%402459897-18DC301C367618B1%4010-18DC301C367618B1%40,Grizzly Bear,BW,11/14/22,,,Problem is people,negative,Problem is grazing/agriculture,negative,,,,,,,
They’ve got food and feel safe: Why WSU bears tend to make themselves at home,local article,Moscow-pullman Dailey News,Moscow,ID,https://infoweb.newsbank.com/apps/news/document-view?p=WORLDNEWS&t=continent%3ANorth%2BAmerica%21North%2BAmerica&sort=YMD_date%3AD&page=2&fld-base-0=alltext&maxresults=20&val-base-0=%22grizzly%20bears%22&docref=news/18DBC5B753A017F8,Grizzly Bear,BW,11/14/22,,,Problem is people,negative,Wildlife relocated,negative,,,,,,,
Say no to grizzly bears in North Cascades,local article,Capital Press,Salem,OR,https://infoweb.newsbank.com/apps/news/document-view?p=WORLDNEWS&t=continent%3ANorth%2BAmerica%21North%2BAmerica&sort=YMD_date%3AD&fld-base-0=alltext&maxresults=20&val-base-0=%22grizzly%20bears%22&docref=news/18DD96336697F1A0,Grizzly Bear,BW,11/17/22,,,Problem is wildlife,negative,Problem is managers,negative,Wildlife is increasing,negative,,,,,
Highway 93 updates,local article,Lake County Leader & Advertiser,Polson,MT,https://infoweb.newsbank.com/apps/news/document-view?p=WORLDNEWS&t=continent%3ANorth%2BAmerica%21North%2BAmerica&sort=YMD_date%3AD&fld-base-0=alltext&maxresults=20&val-base-0=%22grizzly%20bears%22&docref=news/18DD8CD5715F30D0,Grizzly Bear,BW,11/17/22,,,Problem is development,negative,Problem is wildlife,negative,,,,,,,
Federal government restarts effort to restore grizzly bears to Washington’s rugged North Cascades,local article,The Spokesman-Review,Spokane,WA,https://infoweb.newsbank.com/apps/news/document-view?p=WORLDNEWS&t=continent%3ANorth%2BAmerica%21North%2BAmerica&sort=YMD_date%3AD&fld-base-0=alltext&maxresults=20&val-base-0=%22grizzly%20bears%22&docref=news/18DD851A46696350,Grizzly Bear,BW,11/17/22,,,Problem is managers,negative,Wildlife conflicts with recreation,negative,,,,,,,
North Cascades grizzly plan eyed again,local article,Seattle Times,Seattle,WA,https://infoweb.newsbank.com/apps/news/document-view?p=WORLDNEWS&t=continent%3ANorth%2BAmerica%21North%2BAmerica&sort=YMD_date%3AD&page=6&fld-base-0=alltext&maxresults=20&val-base-0=%22grizzly%20bears%22&docref=news/18DB992D254F9ED8,Grizzly Bear,BW,11/17/22,,,Problem is people,negative,Problem is wildlife,negative,,,,,,,
Wildlife Advocates Applaud Restart of Process to Return Grizzly Bears to North Cascades,news wire service,Targeted News Service,,WA,https://infoweb.newsbank.com/apps/news/document-view?p=WORLDNEWS&t=continent%3ANorth%2BAmerica%21North%2BAmerica&sort=YMD_date%3AD&page=6&fld-base-0=alltext&maxresults=20&val-base-0=%22grizzly%20bears%22&docref=news/18DB95DA1EB2F2A0,Grizzly Bear,BW,11/17/22,,,Problem is people,negative,Wildlife is increasing,positive,,,,,,,
Feds resume study of restoring grizzlies to North Cascades,non-profit news agency,Associated Press,NYC,NY,https://infoweb.newsbank.com/apps/news/document-view?p=WORLDNEWS&t=continent%3ANorth%2BAmerica%21North%2BAmerica&sort=YMD_date%3AD&page=7&fld-base-0=alltext&maxresults=20&val-base-0=%22grizzly%20bears%22&docref=news/18DB51D5EC758BC8,Grizzly Bear,BW,11/17/22,,,Problem is people,negative,Problem is development,negative,Problem is managers,negative,Wildlife relocated,positive,,,
Decision on environmental assessment on Holland Lake Lodge expansion could land soon,local article,Daily Inter Lake,Kalispell,MT,https://infoweb.newsbank.com/apps/news/document-view?p=WORLDNEWS&t=continent%3ANorth%2BAmerica%21North%2BAmerica&sort=YMD_date%3AD&page=7&fld-base-0=alltext&maxresults=20&val-base-0=%22grizzly%20bears%22&docref=news/18DAE94BC2E20598,Grizzly Bear,BW,11/17/22,,,Problem is development,negative,Problem is people,negative,Problem is managers,negative,,,,,
"Cameras could be key to reducing wildlife collisions, say conservationists",local article,Peace Country Sun,Alberta,Canada,https://infoweb.newsbank.com/apps/news/document-view?p=WORLDNEWS&t=continent%3ANorth%2BAmerica%21North%2BAmerica/country%3ACanada%21Canada&sort=YMD_date%3AD&fld-base-0=alltext&maxresults=20&val-base-0=wolves&docref=news/18DDCA8DFA1D03A0,Wolves,IP,11/22/22,BW,12/7/2022,Wildlife injury,negative,Problem is development,negative,Wildlife conflicts with recreation,negative,,,,,
Frisby Ridge caribou closer north of Revelstoke repealed,local article,Revelstoke Time Review,"Revelstoke, British Colombia",Canada,https://infoweb.newsbank.com/apps/news/document-view?p=WORLDNEWS&t=continent%3ANorth%2BAmerica%21North%2BAmerica/country%3ACanada%21Canada&sort=YMD_date%3AD&page=1&fld-base-0=alltext&maxresults=20&val-base-0=wolves&docref=news/18DDB52E5BA15D40,Wolves,IP,11/22/22,BW,12/7/2022,Wildlife conflicts with recreation,negative,Wildlife conflicts with other wildlife,positive,,,,,,,
2022 Bear Update,local article,Drayton Valley Western Review,Alberta,Canada,https://infoweb.newsbank.com/apps/news/document-view?p=WORLDNEWS&t=continent%3ANorth%2BAmerica%21North%2BAmerica/country%3ACanada%21Canada&sort=YMD_date%3AD&page=1&fld-base-0=alltext&maxresults=20&val-base-0=wolves&docref=news/18DCC9A701813930,Wolves,IP,11/22/22,BW,12/7/2022,Wildlife conflicts with recreation,negative,,,,,,,,,
Montana Judge Issues Temporary Order Restricting Wolf Hunting Near Yellowstone and Glacier National Parks,online,Field & Stream,Online,Online,https://infoweb.newsbank.com/apps/news/document-view?p=WORLDNEWS&t=continent%3ANorth%2BAmerica%21North%2BAmerica&sort=YMD_date%3AD&page=3&fld-base-0=alltext&maxresults=20&val-base-0=wolves&docref=news/18DF1CCB145DB6F0,Wolves,IP,11/22/22,BW,12/6/2022,Wildlife is decreasing,negative,Problem is people,negative,Wildlife injury,negative,,,,,
An Outdoorsman's Jounral,newspaper,Oudoorsman's Journal,Agri-View,WI,https://infoweb.newsbank.com/apps/news/document-view?p=WORLDNEWS&t=continent%3ANorth%2BAmerica%21North%2BAmerica&sort=YMD_date%3AD&page=2&fld-base-0=alltext&maxresults=20&val-base-0=wolves&docref=news/18DEDB190A46B4F0,Wolves,IP,11/22/22,BW,12/7/2022,Wildlife conflicts with recreation,negative,,,,,,,,,
Small pests a big problem for Idaho moose,newspaper,Billings Gazette,,MT,https://infoweb.newsbank.com/apps/news/document-view?p=WORLDNEWS&t=continent%3ANorth%2BAmerica%21North%2BAmerica&sort=YMD_date%3AD&page=2&fld-base-0=alltext&maxresults=20&val-base-0=wolves&docref=news/18DF2EEE11AE9898,Wolves,IP,11/22/22,BW,12/7/2022,Wildlife conflicts with other wildlife,negative,,,,,,,,,
"Grizzly Bear Restoration in Northern Cascades Would Support Local Ecosystems, Key to Recovering Species Nationwide",news wire service,Targeted News Service,,WA,https://infoweb.newsbank.com/apps/news/document-view?p=WORLDNEWS&t=continent%3ANorth%2BAmerica%21North%2BAmerica&sort=YMD_date%3AD&page=6&fld-base-0=alltext&maxresults=20&val-base-0=%22grizzly%20bears%22&docref=news/18DB933D1D883DE0,Grizzly Bear,BW,11/17/22,,,Wildlife is increasing,positive,,,,,,,,,
Yellowstone's lead biologist retiring after 28 years,local article,Missoulian,Missoula,MT,https://infoweb.newsbank.com/apps/news/document-view?p=WORLDNEWS&t=continent%3ANorth%2BAmerica%21North%2BAmerica&sort=YMD_date%3AD&page=4&fld-base-0=alltext&maxresults=20&val-base-0=wolves&docref=news/18DF30EC322F3E88,Wolves,IP,11/22/22,BW,12/7/2022,Wildlife is increasing,positive,Wildlife relocated,positive,,,,,,,
COMING ATTRACTIONS - Penguins will return to Roger Williams Zoo. What else might be arriving?,newspaper,Providence Journal,,RI,https://infoweb.newsbank.com/apps/news/document-view?p=WORLDNEWS&t=continent%3ANorth%2BAmerica%21North%2BAmerica&sort=YMD_date%3AD&page=5&fld-base-0=alltext&maxresults=20&val-base-0=wolves&docref=news/18DED571E5162018,Wolves,IP,11/22/22,BW,1/30/2023,Wildlife relocated,positive,,,,,,,,,
Fat Bear Week's chunky bears are all winners,NA,,,,,,,,,,,,,,,,,,,,
Wildfires reshape forests and change the behavior of animals that live there,NA,The Conversation,Online,WA,https://infoweb.newsbank.com/apps/news/document-view?p=WORLDNEWS&t=continent%3ANorth%2BAmerica%21North%2BAmerica/country%3AUSA%21USA&sort=YMD_date%3AD&page=1&fld-base-0=alltext&maxresults=20&val-base-0=%22wolves%22&docref=news/18D3FFB726E67F00,Wolves,IP,11/10/22,BW,12/7/2022,,,,,,,,,,,
"""The deer is like Money""",NA,,,,,,,,,,,,,,,,,,,,
Washington cougars are killing wolves,NA,,,,,,,,,,,,,,,,,,,,
Wily coyotes outsmart eradication efforts,NA,The Morning Star,"Vernon, British Colombia",Canada,https://infoweb.newsbank.com/apps/news/document-view?p=WORLDNEWS&t=continent%3ANorth%2BAmerica%21North%2BAmerica/country%3ACanada%21Canada&sort=YMD_date%3AD&page=1&fld-base-0=alltext&maxresults=20&val-base-0=wolves&docref=news/18DDDDD14A0F7C38,Wolves,IP,11/22/22,BW,1/30/2023,,,,,,,,,,,
Live outdoor Christmas lights sensory experience returns,NA,Bow Valley Crag and Canyon,Alberta,Canada,https://infoweb.newsbank.com/apps/news/document-view?p=WORLDNEWS&t=continent%3ANorth%2BAmerica%21North%2BAmerica/country%3ACanada%21Canada&sort=YMD_date%3AD&page=1&fld-base-0=alltext&maxresults=20&val-base-0=wolves&docref=news/18DD1F19DE1268F8,Wolves,IP,11/22/22,BW,1/30/2023,,,,,,,,,,,
"New 'nature and nurture' mural welcomes parents, kids to children's area at Chilliwack Library",NA,Chilliwack Progress,British Colombia,Canada,https://infoweb.newsbank.com/apps/news/document-view?p=WORLDNEWS&t=continent%3ANorth%2BAmerica%21North%2BAmerica/country%3ACanada%21Canada&sort=YMD_date%3AD&page=2&fld-base-0=alltext&maxresults=20&val-base-0=wolves&docref=news/18DC0C39390F8B40,Wolves,IP,11/22/22,BW,12/7/2022,,,,,,,,,,,
"War becoming outdated but instinct to fight hasn't died, The need for institutions that can tame and replace war is greater than ever",NA,The Daily Press,"Timmins, Ontario",Canada,https://infoweb.newsbank.com/apps/news/document-view?p=WORLDNEWS&t=continent%3ANorth%2BAmerica%21North%2BAmerica/country%3ACanada%21Canada&sort=YMD_date%3AD&page=2&fld-base-0=alltext&maxresults=20&val-base-0=wolves&docref=news/18DBD0DC911F5CA0,Wolves,IP,11/22/22,BW,12/7,,,,,,,,,,,
NATURE: Playtime is a big time for animals,NA,Journal Inquirer,Manchester,CT,https://infoweb.newsbank.com/apps/news/document-view?p=WORLDNEWS&t=continent%3ANorth%2BAmerica%21North%2BAmerica&sort=YMD_date%3AD&page=4&fld-base-0=alltext&maxresults=20&val-base-0=wolves&docref=news/18DEF3F2BB3CEAC0,Wolves,IP,11/22/22,BW,1/30/2023,,,,,,,,,,,
Orange county animal services seeks owner of loose pig,newspaper,The Herald Sun,Efland,NC,https://infoweb.newsbank.com/apps/news/openurl?ctx_ver=z39.88-2004&rft_id=info%3Asid/infoweb.newsbank.com&svc_dat=WORLDNEWS&req_dat=0F2584031CD7C37A&rft_val_format=info%3Aofi/fmt%3Akev%3Amtx%3Actx&rft_dat=document_id%3Aimage%252Fv2%253A16E8399A13BB1238%2540AWNB-18F85DD2EE817918%25402459983-18F85DDAACE2C869%25402-18F85DDAACE2C869%2540/hlterms%3A%25E2%2580%259CBoars%25E2%2580%259D%252A,Boars,SB,02/07/23,,,Problem is managers,negative,Wildlife conflicts with recreation,Negative,,,,,,,
"We each need to be ourselves, because everyone else is taken ",NA,,,,https://infoweb.newsbank.com/apps/news/openurl?ctx_ver=z39.88-2004&rft_id=info%3Asid/infoweb.newsbank.com&svc_dat=WORLDNEWS&req_dat=0F2584031CD7C37A&rft_val_format=info%3Aofi/fmt%3Akev%3Amtx%3Actx&rft_dat=document_id%3Anews%252F18F714F8A6B36110,Boars,SB,02/07/23,,,,,,,,,,,,,
SowBridge educational series,NA,,,,https://infoweb.newsbank.com/apps/news/openurl?ctx_ver=z39.88-2004&rft_id=info%3Asid/infoweb.newsbank.com&svc_dat=WORLDNEWS&req_dat=0F2584031CD7C37A&rft_val_format=info%3Aofi/fmt%3Akev%3Amtx%3Actx&rft_dat=document_id%3Aimage%252Fv2%253A16F67B6806125A10%2540AWNB-18F26A4B79E0FB01%25402459972-18F4150307792B15%254065-18F4150307792B15%2540/hlterms%3A%25E2%2580%259Cboars%25E2%2580%259D%252A,Boars,SB,02/07/23,,,,,,,,,,,,,
"This hill country hunter turns feral-hog lard into soap, lip balm and more ",Interview,Texas Monthly,Kerrville ,TX,https://infoweb.newsbank.com/apps/news/openurl?ctx_ver=z39.88-2004&rft_id=info%3Asid/infoweb.newsbank.com&svc_dat=WORLDNEWS&req_dat=0F2584031CD7C37A&rft_val_format=info%3Aofi/fmt%3Akev%3Amtx%3Actx&rft_dat=document_id%3Anews%252F18E4DBEE67B1A2E8,Boars,SB,02/07/23,,,Wildlife as resources,positive ,Wildlife causes monetary loss,Negative,,,,,,,
A few of Cowichan's more heartwarming stories from 2022,local article,Cowichan Valley Citizen,BC,Canada,https://infoweb.newsbank.com/apps/news/openurl?ctx_ver=z39.88-2004&rft_id=info%3Asid/infoweb.newsbank.com&svc_dat=WORLDNEWS&req_dat=0F2584031CD7C37A&rft_val_format=info%3Aofi/fmt%3Akev%3Amtx%3Actx&rft_dat=document_id%3Anews%252F18EC0A15E4D0D5D0,Boars,SB,02/07/23,,,Wildlife conflicts with recreation ,negative,Problem is managers,negative,,,,,,,
Working to make Vt. a more humane place for wildlife ,local article,Bennington Banner,Bennington,Vermont,https://infoweb.newsbank.com/apps/news/openurl?ctx_ver=z39.88-2004&rft_id=info%3Asid/infoweb.newsbank.com&svc_dat=WORLDNEWS&req_dat=0E1ADD81C09838F5&rft_val_format=info%3Aofi/fmt%3Akev%3Amtx%3Actx&rft_dat=document_id%3Anews%252F18F88C602DCB9E18,Beavers,LP,02/07/23,,,Wildlife conflicts with recreation,negative,Wildlife injury,negative,,,,,,,
Idaho researchers try to copy beaver dam benefits,local article,East Oregonian,Pendleton,Oregon,https://infoweb.newsbank.com/apps/news/openurl?ctx_ver=z39.88-2004&rft_id=info%3Asid/infoweb.newsbank.com&svc_dat=WORLDNEWS&req_dat=0E1ADD81C09838F5&rft_val_format=info%3Aofi/fmt%3Akev%3Amtx%3Actx&rft_dat=document_id%3Anews%252F18F89C870769CFD8,Beavers,LP,02/07/03,,,Wildlife as resources,negative,,,,,,,,,
Letter: Giovanni project bad for napa county,local article,Napa Valley Register,Napa,California,https://infoweb.newsbank.com/apps/news/openurl?ctx_ver=z39.88-2004&rft_id=info%3Asid/infoweb.newsbank.com&svc_dat=WORLDNEWS&req_dat=0E1ADD81C09838F5&rft_val_format=info%3Aofi/fmt%3Akev%3Amtx%3Actx&rft_dat=document_id%3Anews%252F18F892F6637E97F8,Beavers,LP,02/07/23,,,Problem is development,negative,Wildlife is declining,negative,,,,,,,
Iowa State College of Agriculture: Beaver Dams- Beneficial for Watersheds?,news wire,Targeted News Service,D.C.,,https://infoweb.newsbank.com/apps/news/openurl?ctx_ver=z39.88-2004&rft_id=info%3Asid/infoweb.newsbank.com&svc_dat=WORLDNEWS&req_dat=0E1ADD81C09838F5&rft_val_format=info%3Aofi/fmt%3Akev%3Amtx%3Actx&rft_dat=document_id%3Anews%252F18F89A5BAF424FF8,Beavers,LP,02/07/23,,,Wildlife is increasing,positive,,,,,,,,,
"A baby mammoth, a 'genuis' raven, and a black lynx meet the north's animal newsmakers of 2022",,Canadian Broadcasting Corporation,Ottowa,Ontario,https://infoweb.newsbank.com/apps/news/openurl?ctx_ver=z39.88-2004&rft_id=info%3Asid/infoweb.newsbank.com&svc_dat=WORLDNEWS&req_dat=0E1ADD81C09838F5&rft_val_format=info%3Aofi/fmt%3Akev%3Amtx%3Actx&rft_dat=document_id%3Anews%252F18EC9FF1417615A0,Beavers,LP,02/07/23,,,Problem is wildlife,negative,,,,,,,,,
Two California species saved,local article,Camarillo Acorn,Camarillo,California,https://infoweb.newsbank.com/apps/news/openurl?ctx_ver=z39.88-2004&rft_id=info%3Asid/infoweb.newsbank.com&svc_dat=WORLDNEWS&req_dat=0F2584031CD7C37A&rft_val_format=info%3Aofi/fmt%3Akev%3Amtx%3Actx&rft_dat=document_id%3Anews%252F18EBFF8FB4B5BE70,Boars,SB,02/14/23,,,Wildlife conflicts with other wildlife,negaive,,,,,,,,,
Hawaii delegation introduces bills to promote macadamia tree health,local article,Honolulu Star Advertiser,Honolulu,Hawaii,https://infoweb.newsbank.com/apps/news/openurl?ctx_ver=z39.88-2004&rft_id=info%3Asid/infoweb.newsbank.com&svc_dat=WORLDNEWS&req_dat=0F2584031CD7C37A&rft_val_format=info%3Aofi/fmt%3Akev%3Amtx%3Actx&rft_dat=document_id%3Anews%252F18FA55E463113FC8,Boars,SB,02/13/23,,,Wildlife causes monetary loss,negative,,,,,,,,,
Wildlife protection: reducing domestic animal insurgents ,local article ,The Palm Beach Post,Palm Beach,Florida,https://infoweb.newsbank.com/apps/news/openurl?ctx_ver=z39.88-2004&rft_id=info%3Asid/infoweb.newsbank.com&svc_dat=WORLDNEWS&req_dat=0F2584031CD7C37A&rft_val_format=info%3Aofi/fmt%3Akev%3Amtx%3Actx&rft_dat=document_id%3Aimage%252Fv2%253A171C152FE79B38A0%2540AWNB-18F6F64276996848%25402459978-18F6F645CCA541FE%254029-18F6F645CCA541FE%2540/hlterms%3A%25E2%2580%259Cferal%2520pigs%25E2%2580%259D,Boars,SB,02/13/23,,,Wildlife conflicts with other wildlife ,negative ,Problem is managers,negative,,,,,,,
Wildlife officials look to eradicate feral pigs,news wire service,Lincoln County Record,Lincoln County,Nevada ,https://infoweb.newsbank.com/apps/news/openurl?ctx_ver=z39.88-2004&rft_id=info%3Asid/infoweb.newsbank.com&svc_dat=WORLDNEWS&req_dat=0F2584031CD7C37A&rft_val_format=info%3Aofi/fmt%3Akev%3Amtx%3Actx&rft_dat=document_id%3Anews%252F18F5F8681E896DB8,Boars,SB,02/13/23,,,Wildlife conflicts with recreation ,negative,Problem is wildlife ,negative,,,,,,,
Animal Doctor- wildlife protect: reducing domestic animal insurgents ,NA,,,,https://infoweb.newsbank.com/apps/news/openurl?ctx_ver=z39.88-2004&rft_id=info%3Asid/infoweb.newsbank.com&svc_dat=WORLDNEWS&req_dat=0F2584031CD7C37A&rft_val_format=info%3Aofi/fmt%3Akev%3Amtx%3Actx&rft_dat=document_id%3Anews%252F18F59445D3E97D08,Boars,SB,02/14/23,,,,,,,,,,,,,
BLNR loosens pig hunting restrictions in 3 Puna forests,local article,Hawaii Tribune-Herald,Hilo,Hawaii,https://infoweb.newsbank.com/apps/news/openurl?ctx_ver=z39.88-2004&rft_id=info%3Asid/infoweb.newsbank.com&svc_dat=WORLDNEWS&req_dat=0F2584031CD7C37A&rft_val_format=info%3Aofi/fmt%3Akev%3Amtx%3Actx&rft_dat=document_id%3Anews%252F18F0EF3FE7E6BCA8,Boars,SB,02/14/23,,,Wildlife causes monetary loss,negative,Problem is wildlife,,,,,,,,
California welcomed a new batch of laws on Jan. 1,local article,The Sonoma Index-Tribune,Sonoma,California,https://infoweb.newsbank.com/apps/news/openurl?ctx_ver=z39.88-2004&rft_id=info%3Asid/infoweb.newsbank.com&svc_dat=WORLDNEWS&req_dat=0F2584031CD7C37A&rft_val_format=info%3Aofi/fmt%3Akev%3Amtx%3Actx&rft_dat=document_id%3Anews%252F18EDA871308EADE8,Boars,SB,02/14/23,,,Problem is wildlife,positive,,,How will the excess of words effect data?,,,,,,
Beaver making mark at C.M. wilson,local article,Chatham Daily News,Chatham,Ontario,https://infoweb.newsbank.com/apps/news/openurl?ctx_ver=z39.88-2004&rft_id=info%3Asid/infoweb.newsbank.com&svc_dat=WORLDNEWS&req_dat=0E1ADD81C09838F5&rft_val_format=info%3Aofi/fmt%3Akev%3Amtx%3Actx&rft_dat=document_id%3Anews%252F1782C87EDADB9C40,beavers,LP,02/14/23,,,Wildlife as resources,positive,Wildlife is increasing,positive,,,,,,,
Beaver builders at the Mendenhall minis series Jan. 11,local article,Juneau Empire,Juneau,Alaska,https://infoweb.newsbank.com/apps/news/openurl?ctx_ver=z39.88-2004&rft_id=info%3Asid/infoweb.newsbank.com&svc_dat=WORLDNEWS&req_dat=0E1ADD81C09838F5&rft_val_format=info%3Aofi/fmt%3Akev%3Amtx%3Actx&rft_dat=document_id%3Anews%252F178321375E9062F8,beavers,LP,02/14/23,,,Wildlife as resources,positive,,,,,,,,,
Town accepts gifts of land,local article,Monadnock Ledger Transcript,Peterborough,New Hampshire,https://infoweb.newsbank.com/apps/news/openurl?ctx_ver=z39.88-2004&rft_id=info%3Asid/infoweb.newsbank.com&svc_dat=WORLDNEWS&req_dat=0E1ADD81C09838F5&rft_val_format=info%3Aofi/fmt%3Akev%3Amtx%3Actx&rft_dat=document_id%3Anews%252F1782C76DC6DF1050,beavers,LP,02/14/23,,,Wildlife as resources,positive,Wildlife as conservation goal,positive,,,,,,,
Scott Shalaway: A tale of tails,NA,,,,,,,,,,,,,,,,,,,,
Opinion: Colorado needs wolves,local article,Steamboat Pilot & Today,Routt County,Colorado,https://infoweb.newsbank.com/apps/news/openurl?ctx_ver=z39.88-2004&rft_id=info%3Asid/infoweb.newsbank.com&svc_dat=WORLDNEWS&req_dat=0E1ADD81C09838F5&rft_val_format=info%3Aofi/fmt%3Akev%3Amtx%3Actx&rft_dat=document_id%3Anews%252F178322A583AC1BF8,beavers,LP,02/14/23,,,Wildlife as resources,positive,,,Code for multiple species?,,,,,,
Opinion: Benefits of wolf reintroduction overshadow imaginary costs,local article,Steamboat Pilot & Today,Routt County,Colorado,https://infoweb.newsbank.com/apps/news/openurl?ctx_ver=z39.88-2004&rft_id=info%3Asid/infoweb.newsbank.com&svc_dat=WORLDNEWS&req_dat=0E1ADD81C09838F5&rft_val_format=info%3Aofi/fmt%3Akev%3Amtx%3Actx&rft_dat=document_id%3Anews%252F1782CE174F677F28,beavers,LP,02/14/23,,,Wildlife is increasing,positive,,,,,,,,,
New meadow soon to sprout on Beltline's Eastside Trail,local article ,Atlanta Journal-Constitution,Atlanta,Georgia,https://infoweb.newsbank.com/apps/news/openurl?ctx_ver=z39.88-2004&rft_id=info%3Asid/infoweb.newsbank.com&svc_dat=WORLDNEWS&req_dat=0E1ADD81C09838F5&rft_val_format=info%3Aofi/fmt%3Akev%3Amtx%3Actx&rft_dat=document_id%3Anews%252F1784E4848E26DD20,beavers,LP,02/14/23,,,Wildlife as resources,positive,,,,,,,,,